-1.1884,0.20801,-1.4897,-0.80406,-0.078661,-1.1606,-0.059313,1.0471,-0.036142,0.62632,1.5914,-0.54101,0.68376,-0.50188,2.4301,2.5165,0.15112,1.6675,-0.55942,-0.19587,0.72592,0.1226,-0.63891,-0.088788,0.12994,-0.19026,-0.46056,1.8217,-0.56408,-1.3381,0.094752,1.0757,-0.87556,-0.2343,0
1.2728,-0.5451,0.61024,-0.96328,-0.17554,-0.032049,-0.31134,-1.2363,1.7133,-0.03449,0.34887,-1.1968,-0.011883,0.1304,-0.72638,-0.83531,0.15112,0.70194,2.1031,0.9713,0.63035,-0.64765,-0.80363,-0.00079505,0.16221,0.32548,0.31023,0.77632,-0.67236,0.79926,-0.81234,-0.20102,-0.50228,-0.83731,0
-0.083416,-0.56511,0.84125,-0.64619,-0.050228,-0.14518,0.25829,0.23256,0.41369,-0.035182,-0.7143,1.4351,-0.60307,-0.1394,0.94848,-1.8291,0.15112,1.4503,0.73832,-0.0096266,-0.22539,-1.1376,-0.19301,-0.096295,0.16157,-1.2775,0.739,-0.60058,-0.25612,-0.9223,-0.41997,-0.0763,1.801,-1.9695,0
0.56287,0.94942,-1.4989,0.32829,0.01952,-0.40226,3.3589,1.0502,-6.0706,-0.047506,0.80446,-1.0268,-2.6583,-0.024317,0.26136,0.066549,0.15112,-0.38561,-3.8282,5.6824,0.74053,1.1783,1.0954,2.9638,0.13433,0.78958,-1.1315,-0.43085,-0.27851,-1.3352,0.86375,-1.8306,1.4759,0.3724,1
-1.7604,0.22733,0.75495,2.2486,-0.16616,-1.2498,0.67569,-1.2386,-0.26582,-0.19492,0.43917,-1.4053,-0.82682,-0.19939,0.7767,-1.5311,0.15112,1.5781,-0.975,-0.12983,-0.17936,0.098977,0.44636,0.59571,0.16218,1.4136,0.15621,-1.6399,-0.65369,0.46665,-0.51704,-1.2166,0.92479,-0.51149,0
-1.7634,-0.10273,-2.5808,-0.99164,-0.1554,-0.33667,0.67594,-0.74345,-0.32305,0.20074,1.6525,1.1143,-0.6838,-0.6581,3.2675,0.067317,0.15112,0.30089,-1.7108,-0.17945,0.33285,1.9149,0.12635,-0.11293,0.16155,-1.6518,-0.96682,1.3671,0.1644,-0.73425,0.087202,0.071519,1.012,0.59357,1
-1.6448,0.10691,0.15846,0.49971,-0.14512,-1.096,-0.27751,1.3107,0.16597,-0.088794,0.20876,1.5615,0.51467,-5.0438,-0.16809,-0.65721,0.15112,-0.15158,1.419,0.34001,-0.069496,-0.64521,0.61168,0.023181,-11.099,0.68367,1.2281,-0.62944,-1.4326,1.2425,-0.6562,0.48763,-0.79339,-0.1337,1
0.22914,0.77759,-0.66912,0.10891,-0.16902,-0.59649,0.30856,1.9749,0.01537,0.24419,-0.02288,-1.4976,0.050844,-0.70427,-0.51165,-0.6324,0.15112,1.4698,-0.05029,-0.28842,0.6255,0.014609,-0.073202,0.98693,0.16166,0.26074,1.2863,-0.83311,0.13785,-1.7821,0.745,-1.2172,1.3789,-0.54559,0
0.27818,-0.68644,0.50906,1.0174,-0.14763,0.10521,1.3062,0.4919,0.15868,0.4,-0.7126,0.040835,-3.8356,-0.50603,0.69081,0.29665,0.15112,-0.62656,0.72147,-0.22475,0.84796,0.35583,0.43418,-0.35237,-0.01652,-0.43783,-1.446,-0.9652,0.26763,0.5024,-1.7101,-1.2051,-0.41679,1.0822,1
0.51976,0.5384,-1.0573,0.43582,-0.12563,-0.80348,-1.5033,0.49509,0.9567,-1.7788,1.2715,-0.28931,3.332,-0.7736,1.8289,1.1662,-1.4609,-2.8438,1.4177,0.32734,0.99887,-0.24809,0.53864,-0.20199,0.088984,-1.2572,0.58491,-0.17475,-1.1227,-0.79575,-1.5624,0.58438,-0.93223,-0.49163,0
0.52827,0.77378,-0.31959,-0.1979,-0.088804,-0.77613,-0.5654,-1.4831,0.010398,-0.1606,-0.047271,-1.3451,-0.049838,-0.26289,0.92701,0.19425,0.15112,-0.082579,-0.089838,-0.24165,-0.28344,-2.4328,-0.52671,-1.4303,0.15166,0.82471,0.74335,0.51492,-0.72215,0.33236,0.45495,1.2512,-0.71477,-0.017569,0
-0.032876,0.0067806,-0.26242,1.7537,-0.17457,-0.65577,0.062264,0.14496,0.85376,0.18295,-0.73324,0.11924,0.25363,-0.34991,0.26136,-0.44193,-1.4609,-0.62739,1.5081,0.31837,1.019,2.9344,-2.0542,0.75804,0.16323,-1.774,-3.3193,0.071304,-0.83844,-2.5023,0.4494,-0.016092,-0.92106,1.0306,1
-0.18544,1.1421,-1.2049,0.36513,-0.1457,-0.51711,-0.58156,0.42842,-0.038323,0.5344,0.095641,-1.695,0.99716,-0.33613,-0.0822,0.40312,-1.4609,-0.061911,-0.35716,-0.30137,0.83512,-0.29314,-0.095565,0.28676,0.050563,0.26919,-0.42815,-0.34282,-0.18134,-1.327,0.017505,-1.1622,0.11534,-0.69454,0
1.1814,-0.75886,1.0679,-0.41031,-0.16482,-1.3725,-0.082764,-1.3237,0.029243,0.25405,0.2047,0.053394,-0.14706,-1.0975,0.26136,0.93352,0.15112,-0.22809,-0.40517,-0.16071,-0.24121,0.60107,0.027825,0.45199,-0.080979,1.0383,0.16988,0.93625,0.80431,0.4177,1.0921,-0.20302,0.67114,0.45487,1
-0.94302,-0.58644,1.4378,-0.058578,-0.16469,-0.85142,-1.5083,0.02749,0.012879,0.13147,0.24009,-0.20484,1.3363,-0.44506,-0.42576,0.34479,0.15112,-0.51787,0.012401,-0.29371,-0.59672,0.46826,-0.11042,-0.61882,0.16174,0.10452,0.04499,-0.90342,-0.25972,0.34716,0.57904,1.9476,1.9555,-0.57712,0
0.23877,0.52281,-0.9835,1.4102,-0.045745,1.2558,-0.88976,0.067968,-0.024236,0.29211,0.28311,-0.51554,0.84705,1.3993,-0.9411,0.42356,0.15112,-0.30023,-0.27798,-0.31063,0.96944,0.75375,-0.071729,0.11029,0.15884,0.73864,-0.62918,0.028295,0.2655,-0.93388,2.0558,-0.066663,0.1936,-1.1462,1
0.93883,1.0434,0.24719,-0.28005,-0.16615,0.2069,1.6906,-1.0393,-0.055412,0.22468,1.0282,-1.1894,-1.3383,0.079533,-0.59754,0.0757,1.7631,0.75787,-0.38778,-0.23932,-0.1085,-0.11613,0.08841,1.4028,0.16176,-0.55229,0.6891,-0.52095,0.10134,0.25791,0.23447,-1.049,0.58902,2.1493,0
0.30841,-0.71145,1.9097,0.81299,-0.10379,-0.81947,0.12341,-0.07788,0.53111,0.13857,-0.34112,0.9305,0.29021,-0.093053,-0.51165,-0.19227,0.15112,0.56157,1.85,-0.021152,-0.0064551,0.025191,-0.063238,0.14663,0.16166,1.2991,-0.7744,-1.2004,-0.20909,0.37726,-0.89487,-0.023021,0.62359,-0.89216,0
0.24082,0.44101,0.78633,0.37345,-0.14737,0.34545,-1.0191,0.741,-0.035084,-0.51937,-4.5249,1.808,0.38584,0.060019,0.089581,-0.28187,0.15112,-0.6673,-0.35993,-0.30707,1.0332,0.25426,0.62256,-0.54621,0.16264,-0.30498,0.72762,1.9552,-0.85498,1.0477,0.47525,-0.067855,-1.1091,0.72779,1
-1.3867,0.45446,-0.077094,0.33682,-0.17279,-1.0362,0.70255,-0.18176,2.4921,0.32309,0.72477,-1.0482,-1.0079,-0.93908,0.32578,0.76421,0.15112,0.035468,0.86131,2.2358,0.76181,-0.75526,-0.50226,1.0701,0.15928,0.15187,-0.040762,-0.87532,-0.13869,-0.15196,-0.74677,-1.1832,0.48517,-1.5352,1
0.023718,0.90633,-0.79313,0.26494,-0.15309,0.10146,-0.90644,-0.79392,-0.032083,0.011353,-3.9351,-1.4065,0.13368,0.54405,-0.0822,-0.26366,0.15112,-0.0064595,-0.32126,-0.3078,0.6381,-1.3036,0.35958,-1.1858,0.16174,-0.57582,-0.052776,0.023546,-1.2489,-0.66656,-0.36223,-0.47778,-0.63204,0.96464,1
-0.96387,0.61582,-2.4701,3.2774,-0.18367,0.86937,0.76015,0.91283,0.49448,0.15315,0.6885,-0.62302,-0.036414,0.15052,1.1525,-0.47334,0.15112,1.2386,0.68547,0.050871,0.23474,0.7838,-0.085804,2.0186,0.16091,1.151,-1.3829,-1.736,0.21659,-1.1171,0.63437,-1.4942,1.4264,0.48885,0
-1.2641,0.42096,1.4007,1.5948,-0.18282,-0.34959,0.83912,-1.2134,0.1343,0.76704,-1.125,-0.53178,-1.152,-0.25718,0.25063,-0.46467,0.15112,-1.0673,0.38365,-0.1922,-0.09265,-0.37682,-0.20085,0.97926,-0.15372,-1.2768,-0.58262,-1.5431,1.6138,1.3971,0.58827,-1.0373,1.9822,2.9322,1
-0.2032,0.64805,-0.19143,-0.53322,-0.1683,-0.1917,0.95443,-0.43889,-0.10312,0.16652,-0.080702,-2.3101,-0.69838,0.036726,-1.3706,-0.65087,0.15112,1.2863,-0.62497,-0.27002,-1.5333,-0.14272,0.11119,0.73223,0.16118,0.28702,0.89023,-1.3684,-1.0646,-1.1225,-0.68917,-0.50362,-1.0265,1.0722,0
0.74072,0.85424,1.5435,1.1015,-0.1561,1.0865,1.7861,0.98835,0.0077482,0.19678,-0.3317,0.35165,-1.2006,0.31846,0.17547,-0.068027,0.15112,1.214,-0.028318,-0.28013,0.21753,-0.6642,0.8393,1.9451,0.12003,-1.3062,-0.47838,-0.75463,-0.51416,0.46204,0.65309,-1.8323,-0.43219,2.3527,1
0.12992,-0.97186,-0.51261,0.24401,-0.15791,-0.6489,-1.0131,-1.4594,0.10675,0.41474,0.39431,-2.0648,-0.11115,0.11831,0.51903,-0.90589,0.15112,-0.44182,0.59363,-0.25439,-0.26758,-1.3016,2.5465,-1.5007,0.16169,1.3655,-0.37502,-0.83809,0.29806,-0.6334,-0.30215,0.28451,-0.88526,-0.16437,0
2.347,-0.153,1.3208,0.076118,-0.077561,0.0055902,-1.3659,-0.47905,0.028271,0.1947,-0.2471,1.0325,1.9855,0.31308,-0.33987,-0.54888,-1.4609,0.77109,-0.036025,-0.27843,0.66245,-0.37263,0.71626,-0.45388,0.16176,0.20637,0.39719,-0.16911,1.666,1.7214,0.73461,1.4667,-0.78342,-0.44857,0
1.3266,-4.0771,-0.94456,-2.6804,-0.15613,-1.0176,-0.2891,1.1923,0.0085513,-0.89378,0.84171,-0.18714,1.2478,-0.26078,-0.87668,-1.1267,0.15112,0.31157,0.00097151,-0.28303,0.8218,-0.33581,0.16702,0.53766,0.16169,0.28181,0.71804,-1.741,0.0075806,-1.0365,-2.2893,-0.4345,-0.40119,-0.31267,0
-0.23275,0.41954,-0.9883,1.471,-0.13759,-0.60991,-1.8484,0.7508,-0.034653,-0.14123,-0.28932,-0.57131,2.8498,-0.2979,-0.59754,0.0044424,0.15112,-0.62904,-0.29101,-0.30154,0.83056,0.55084,0.014959,-0.30097,0.16175,0.26492,-1.8555,-0.82784,-0.27176,-1.3906,0.20601,0.22278,1.3495,-1.1146,1
-0.058018,0.10528,0.73912,0.70707,-0.14024,-2.1707,-0.77147,0.30433,0.12734,0.35416,1.4778,0.59566,-0.1217,-1.9474,0.0036906,1.8121,0.15112,0.35928,0.4122,-0.22598,0.22095,0.11985,0.0052163,-0.94158,0.16088,-1.2914,0.091965,-0.74573,0.0053462,1.4326,1.2197,-0.12827,0.8068,-0.52567,1
-1.3442,0.83842,-1.709,0.30639,-0.15595,-0.015733,0.4157,0.22856,0.060519,0.039772,-1.082,-1.2069,-0.83126,0.051823,0.43314,0.60659,0.15112,-0.18015,0.21886,-0.27943,0.64105,-0.73357,-0.032538,-0.091649,0.16173,0.23161,0.82206,0.0093514,-0.22364,-1.3936,0.96198,-0.66973,-2.0521,-1.0437,0
0.74906,-0.40361,1.1804,-1.3048,0.036853,-1.613,0.81827,-0.76765,-0.024938,0.17991,0.3613,-0.22377,-1.5842,-1.2115,-0.9411,-0.84427,0.15112,-1.034,-0.35541,-0.29901,0.3225,-1.134,1.0758,0.67783,0.16184,0.82702,0.18253,-0.42585,-0.90752,0.55454,-0.72805,-1.3771,-0.37782,-0.29201,0
0.1624,-0.28729,-1.1466,0.42169,0.022661,-1.15,1.1552,0.69338,0.076522,0.24049,-0.48508,-0.16917,-1.2996,-0.78516,0.51903,0.65728,0.15112,-1.1053,0.55946,-0.27047,-1.1271,0.25237,-0.31611,0.93261,0.091814,-1.6884,0.14285,-0.13602,-0.22803,-1.3338,1.0371,-1.2313,0.63463,-0.055709,1
-2.0119,-2.7975,-0.87533,-0.69003,-0.13315,0.96535,0.69427,-0.60855,0.058442,-0.29319,0.34996,-1.6716,-1.0701,1.2602,0.025163,0.078243,0.15112,1.2708,-0.10505,-0.069952,0.45763,0.69537,0.58447,1.3511,0.15316,1.7467,0.56006,-0.22838,-1.2071,-0.97481,-1.9559,-1.8245,-0.27624,0.15984,0
2.2043,2.3545,-0.062855,2.0103,-0.17547,-0.69555,0.61786,-1.0909,-0.01235,0.23441,0.45814,-1.4031,-0.060465,0.098213,-0.12514,0.25389,0.15112,-0.23924,-0.17837,-0.3025,-0.88201,0.63291,-0.89737,1.3135,0.15229,-0.25361,-2.6319,-0.55357,0.48802,-1.1066,1.6051,-1.1215,1.3068,1.0744,0
0.35531,-3.7703,-0.87997,0.52953,-0.15323,1.1325,-0.57731,1.2146,-0.3112,-2.4631,0.1571,-0.65852,0.16105,0.96893,-1.027,1.1953,0.15112,0.87387,-0.6597,-0.12345,-0.061406,0.25686,-0.71914,-0.67544,0.16168,0.22763,0.47923,0.024097,0.3312,-1.3164,-3.5534,-0.21005,0.74022,0.13244,0
-0.69901,-0.201,-0.28038,-0.49771,-0.1729,-2.1538,-0.72578,-0.6573,-0.017454,-0.44019,0.75442,-2.1467,0.59984,-1.8442,0.26136,0.68869,0.15112,-1.774,-0.27148,-0.30033,0.78191,-1.3965,-2.6143,0.55426,0.16176,-0.78445,-0.59368,-1.6588,-0.42996,-0.3159,0.52291,0.0027587,0.16924,-1.5949,0
-1.2412,0.16479,0.35019,0.55246,-0.10009,-1.649,-0.70227,0.42336,0.032526,0.15436,-0.11113,-0.16146,0.21518,-1.0674,0.62639,-1.0017,0.15112,-1.5108,-0.1386,-0.28315,-0.84203,-1.8475,0.23508,0.44514,0.16178,0.22138,0.31742,-0.1316,-0.46158,-0.20345,-0.32906,-0.70092,-0.95546,-0.89824,0
-1.5018,0.8414,-0.68933,-0.82897,-0.16983,-2.6632,-1.3998,0.37122,-0.010035,0.020542,2.2302,0.023679,-0.034822,-2.1622,-0.76932,1.1589,0.15112,0.73155,-0.34361,-0.29742,0.25778,3.5959,-0.43131,-0.81531,0.16162,0.4116,0.20662,-0.6323,0.13707,-0.67431,0.62845,-0.88985,-0.020834,-0.80109,0
-2.9331,-1.8529,-1.61,-3.7767,-0.13754,-3.9938,-1.6237,0.74783,0.41177,-0.033162,0.29177,-1.2279,1.5372,-3.1831,1.0344,-0.81768,-1.4609,1.0233,1.2444,-0.051179,1.1964,-2.617,0.7454,-0.73934,-0.40333,1.2962,0.33018,0.94183,-0.62672,-1.5739,-1.775,0.85832,-1.3912,0.34946,0
-0.0323,-0.39111,-2.3719,-0.079109,-0.1717,-0.16359,0.79322,-0.13623,0.41757,-0.77009,-0.68122,-0.057866,-0.60157,0.43167,-0.25398,1.0223,0.15112,-0.74202,0.82129,-0.073195,0.088349,-0.22042,0.7223,0.39364,0.16138,0.92776,0.25462,2.4379,0.043405,-1.1777,0.97707,-0.74003,2.247,-1.5919,1
1.3893,0.63318,1.0331,-0.21409,-0.12555,1.317,-0.77716,1.5856,-0.023156,0.32559,0.43034,1.427,0.42735,0.87189,-1.7141,0.46382,0.15112,0.52923,-0.24868,-0.31055,-0.4606,-0.48029,-0.88611,-1.0702,0.16688,0.97549,0.59971,-0.42832,0.67292,-1.2866,1.3464,0.8528,-1.6463,1.9214,0
-0.40455,0.28837,-0.28794,0.95035,-0.17902,2.7578,0.27179,-6.4083,0.027462,-2.6793,-0.54267,-1.3168,-0.5437,3.3913,0.10032,1.773,0.15112,-1.1938,0.096392,-0.29345,0.41683,0.34637,0.43333,-0.14521,0.16194,-0.35179,0.80393,0.90515,0.32068,1.3685,0.61709,-0.24074,4.4811,1.4111,1
0.93498,-1.1911,-2.7436,0.93321,-0.17331,-1.9234,-1.3407,1.2865,-0.021291,0.11537,0.80879,1.1145,0.30539,-1.6753,-0.65122,0.50485,-1.4609,-0.62775,-0.27518,-0.30937,0.6401,0.39849,0.61626,-1.3933,-0.028975,0.70391,0.61773,-4.6541,0.82462,-0.0052078,-0.71713,0.55052,-2.1289,-1.3136,0
1.5431,-0.91193,-1.7969,1.3434,-0.17373,0.54869,0.003906,0.40897,-0.15878,-0.13777,0.52071,0.74657,0.3279,0.66425,-0.72638,1.0501,6.599,-0.41692,-0.76386,-0.24378,-7.677,0.78196,0.34872,0.33362,0.14704,1.3376,0.36354,-0.18321,1.0988,-1.3296,-0.17856,0.34441,-1.1525,1.3242,0
1.9749,0.32741,-0.34583,0.52392,-0.14453,0.62002,0.22094,-1.1532,-0.010668,0.084652,-1.0475,1.9595,-0.37032,0.37452,1.2062,0.19014,0.15112,1.6144,-0.27442,-0.29631,0.0029055,1.1403,0.70804,-0.46192,0.1324,0.0028251,-0.65167,0.43418,0.32963,-1.6626,0.81912,0.43785,-0.077587,1.6253,1
1.0131,0.87091,-0.6674,-0.12651,-0.063969,0.66804,0.32314,-0.38637,0.067942,-8.272,-0.3108,-0.39218,-0.39732,0.22178,0.7767,-0.25752,-1.4609,1.0083,-0.17281,-0.1996,0.74444,0.67531,-0.5049,0.25497,0.16167,1.5999,-1.6545,0.22008,1.0819,-0.64605,0.38069,0.11039,0.95265,-0.29912,1
-1.0454,0.18327,-0.24911,0.58254,-0.17839,-0.45703,-0.62265,-1.2451,-0.011917,-1.1071,0.24967,-0.55405,0.65164,0.032338,-0.33987,-0.013433,0.15112,1.8438,-0.20283,-0.30042,0.2219,0.1102,-1.7045,-1.4071,0.16183,-0.43631,0.24959,0.40575,1.8981,-0.02302,0.49793,0.7619,-0.33319,0.39409,0
-0.41127,0.68677,0.5221,-0.39688,-0.17096,0.23854,-0.54732,0.83489,-0.016665,0.1555,-2.4392,2.6481,0.080409,0.47628,-0.50091,-0.16019,0.15112,-0.065354,-0.19021,-0.30766,0.24979,-0.56353,0.84528,-0.93216,-0.082957,-0.92358,0.73484,0.82845,-0.96113,1.5208,-0.19312,-0.0098351,-0.45076,0.083142,0
-0.75805,-0.050298,0.61596,0.68557,-0.17147,0.13253,-0.90524,0.1265,-0.013649,0.23178,-0.013338,-0.64721,0.1832,0.089863,-0.57607,-0.60405,0.15112,-1.326,-0.14454,-0.29867,-0.4059,0.32623,0.23491,-1.8305,0.16174,0.66721,0.12249,-1.2022,-0.13591,-0.13538,0.31326,0.81475,0.80803,1.0428,0
0.25729,1.2125,-0.41736,0.67262,-0.1817,1.3254,0.041952,1.1345,0.093787,-0.18152,-0.54934,0.94919,-0.3659,0.66283,-0.27545,-0.021063,0.15112,-0.14738,0.53309,-0.27143,-0.73317,0.57529,0.81152,-0.28812,-0.025489,0.79232,0.11166,-0.028553,0.58862,0.11119,0.88996,0.74641,0.13636,0.47858,0
0.92013,-0.19988,-0.31503,0.10287,-0.024221,0.88914,0.73079,0.98725,-0.020622,-0.11582,-0.97995,1.2176,-0.26352,0.44368,0.69081,-0.5422,0.15112,-1.2286,-0.27844,-0.30587,0.6858,-0.031769,-0.46989,0.51387,0.12783,-0.89373,1.3243,1.1114,-0.45428,0.55778,0.62723,-0.30533,-0.58696,2.396,1
-0.98818,2.2191,-1.0845,-0.93434,-0.14562,0.37722,0.40516,0.16772,-0.043516,-0.10735,-0.38243,-0.73126,-1.1497,0.63567,0.17547,0.010933,0.15112,-0.60638,-0.49701,-0.30461,0.091996,-0.83195,-0.81971,-0.40773,-0.29521,0.32304,2.1766,-0.47744,0.10505,-0.78807,0.71342,-0.75021,-0.048288,-0.11136,1
1.697,1.7046,1.2667,0.46296,-0.17424,1.2335,1.4988,-0.40441,0.061145,0.13057,0.12391,0.42962,-0.5161,1.1259,-2.3798,-0.36748,0.15112,0.025274,0.038908,-0.24393,-0.15591,0.098472,-0.59607,1.3754,0.13699,0.48404,0.88145,0.38446,1.4139,-0.45634,0.67389,-0.45038,0.50876,0.51573,1
-0.71232,0.87418,-0.1736,-1.1395,-0.16676,1.9286,-0.32632,0.88939,-6.0476,-1.4914,-0.096596,-0.59906,-0.32987,2.1235,-0.65122,-0.16208,0.15112,0.47102,-4.16,6.6106,0.56932,-0.37758,1.7119,-0.3598,0.15216,0.47494,1.8327,0.92548,0.2248,-0.33094,0.75555,0.48134,-0.11716,-0.25982,1
0.061646,0.76103,0.086689,-0.28236,-0.17303,0.88934,-1.729,0.94575,0.017797,-0.054889,-0.45195,0.44049,1.6829,0.19329,-0.51165,-0.64386,-1.4609,0.23834,0.024382,-0.29773,0.64525,-0.1282,1.0682,-0.64026,0.16167,0.37868,0.66705,0.60483,-0.63681,0.77414,0.33512,0.52964,-1.1749,0.12954,0
0.74547,-5.1162,-0.20825,0.92117,-0.12185,0.53411,0.62936,0.14811,-0.024238,-0.0031783,-0.51968,0.76387,0.058726,-0.44687,0.25063,1.0823,0.15112,-0.1507,-0.38225,-0.19434,-0.016072,-0.41492,-0.87548,0.78996,0.16082,0.0071633,-1.1996,-0.08212,0.068886,-0.30851,-0.82133,0.39061,-0.13462,1.0159,0
1.4897,0.16192,0.38197,-1.5094,-0.1326,-0.96838,-0.26864,-1.4032,-0.0009027,0.34231,0.79935,-1.2196,-0.74965,-1.1116,-0.0822,-1.0121,-1.4609,1.0859,0.10239,-0.30317,0.63378,-0.75628,-1.5812,-1.0292,0.16026,-0.54064,-1.8912,1.1548,-0.51452,0.53035,-0.88244,-0.84051,0.66091,0.39511,1
0.26379,1.2605,0.6757,-1.1858,-0.18337,1.3178,-0.7924,-1.059,-0.030516,0.30256,-0.40186,-1.0422,0.37877,1.1031,-1.2525,0.29327,0.15112,0.71572,-0.35678,-0.30877,-1.5758,-0.36762,-0.80235,-0.28972,0.16174,1.168,-0.099589,-1.1099,-0.91418,0.75982,0.058984,-0.91421,-0.31258,-0.16736,0
-1.1071,0.21586,0.12144,0.27973,-0.18019,0.26481,0.66365,-0.67487,-0.054195,0.24391,1.9762,-1.1688,-0.45084,-0.27904,1.0344,1.238,-1.4609,1.0599,-0.30451,-0.29323,1.0423,1.0862,-0.24434,0.71532,-0.36332,-0.66836,-0.10109,-0.42013,-0.10797,-0.24001,1.288,-0.41817,0.28919,0.37581,0
-0.29153,0.53459,0.35213,0.64851,-0.15456,0.24569,-0.10174,0.29067,0.10966,-1.9772,-0.53345,-0.057277,0.31444,0.11224,0.089581,-0.08867,-1.4609,-1.6278,0.4528,-0.24485,0.58895,-2.3346,0.43045,0.21489,0.16176,0.31027,0.69514,1.5003,-1.924,0.45058,0.094137,0.033514,0.177,-0.10844,1
-0.63182,-0.25338,1.0139,0.086477,-0.15065,-0.7603,-0.041216,-0.51381,0.17963,0.156,-3.2057,-0.8214,1.2268,0.38857,1.4531,3.7672,0.15112,-1.8194,0.61307,-0.076845,0.49791,0.52047,0.17692,0.50062,0.15972,-0.3672,0.57067,-1.0931,-1.1259,0.7081,-0.8183,-0.069594,0.25738,-1.4891,1
-0.30306,-0.097347,1.1828,1.5975,-0.14753,-0.12629,-0.23533,-0.27898,0.023641,0.10747,0.60556,0.63764,0.10868,-0.20528,-1.027,-0.029057,0.15112,0.65397,0.051943,-0.27482,0.799,0.65312,-0.11987,-0.33313,-0.2608,-0.99878,0.55852,0.82078,-0.08433,0.74769,-0.94123,0.7476,-1.6134,0.14799,1
-0.44387,0.16265,-0.32157,-0.71166,-0.089968,-0.035296,0.32684,1.8852,5.5491,0.34193,-0.33163,1.2133,-0.19797,-0.23271,-1.1021,0.53178,0.15112,0.82378,6.3604,4.2557,-0.30428,1.7807,-0.074046,-0.15839,0.16194,0.69005,-1.0298,2.3715,-0.36736,0.1866,0.29676,0.13432,-0.063712,-0.64683,0
0.162,-0.091193,2.0062,0.48888,0.36197,1.4847,0.61464,-0.87381,-0.025178,0.1912,0.70314,0.92591,-0.65989,0.9321,1.0773,-0.58333,0.15112,-0.89811,-0.33815,-0.29998,0.36976,0.66145,0.57549,0.35686,0.16173,0.12506,-1.4314,-0.50819,5.6076,2.4583,-0.63266,-0.3429,-0.50141,1.0218,0
0.32922,-0.19224,-0.79535,0.09514,-0.12017,-0.25896,-1.4936,-0.084324,0.0052487,0.26539,0.46009,0.64263,1.3313,-0.31788,0.025163,-0.11078,0.15112,1.1666,-0.12185,-0.29789,1.1739,-0.54384,-1.2241,-1.1125,0.16174,0.65889,0.075021,0.27611,0.16053,-0.05011,-0.82862,1.5438,0.86358,-0.9784,0
-1.0211,0.77552,-1.2294,-1.1235,-0.098877,-0.45378,-0.35551,0.80213,0.04059,-0.2684,-1.0486,-0.65431,0.74183,0.37406,0.43314,-0.29346,-1.4609,-0.3027,0.11083,-0.26969,0.94996,-0.90871,1.3527,0.66729,0.16123,0.28686,0.2601,0.618,-0.88351,-1.0746,0.04205,0.35662,-0.64107,-1.1193,1
1.1333,0.16566,-0.08762,0.31866,-0.15892,-1.4825,-1.1191,0.4392,0.44538,1.0763,-0.098614,-0.80554,-0.96124,-2.9289,1.3779,-4.0346,-1.4609,-0.73645,1.5212,-0.086313,-0.77172,0.091949,1.4501,-3.0482,0.1616,2.1549,-0.7503,0.067161,0.51558,-0.98557,-0.39945,0.21243,0.84402,-0.3461,0
0.084142,0.49968,0.81613,1.8368,-0.18419,-1.1641,0.63801,0.7408,-1.782,0.083756,-0.58799,-0.15101,0.37272,-1.1858,1.9792,1.8933,-1.4609,0.98315,-2.8747,1.4487,0.18159,0.50729,0.34835,1.0088,0.15617,-3.2833,-0.60138,-0.8274,-0.80682,-0.60277,0.38577,0.39612,0.22108,-1.7448,1
0.26855,0.089184,-0.054608,-0.64333,-0.12877,-0.23487,0.39985,-0.47844,-0.064401,-0.38139,0.75221,0.038133,-0.81149,0.099161,-0.35061,0.57395,0.15112,0.82424,-0.63403,-0.29763,-0.09745,-0.42416,-0.57438,0.22808,-0.1063,0.56274,0.5984,1.2281,0.1342,0.10871,-1.1061,-1.1562,-0.20812,1.0552,1
0.99411,0.84785,0.84504,-0.51897,-0.073569,-0.75378,-0.72568,-0.44948,0.10242,0.12351,-0.010468,2.0561,1.0368,-0.75946,0.92701,0.57052,-1.4609,0.031116,0.31202,-0.24305,0.92472,-0.48577,1.9456,-0.21803,0.161,-0.64633,-0.20656,0.79189,0.70825,1.4386,-0.1321,0.86191,-1.1478,-0.84987,1
-0.97661,0.9539,-1.0572,-0.63928,0.023536,1.3396,1.3553,0.66313,-0.039526,0.054195,-0.8145,0.21337,-0.55021,0.40882,0.089581,-0.53633,0.15112,0.0035773,-0.45471,-0.27693,-0.73128,-0.77945,0.45454,1.4987,0.16098,-0.061901,0.51982,0.5961,-0.24683,-0.68346,0.42634,-0.84783,-0.8316,0.52341,0
-0.64278,-0.25917,-0.35734,0.39921,0.13132,1.3033,1.2269,1.1855,-0.28896,1.4919,0.14454,0.41548,-0.64735,1.0749,1.292,-1.0949,0.15112,-1.5887,-0.23895,0.29183,0.10851,-1.2254,0.30151,0.55391,0.16232,-0.12925,1.1021,0.7346,0.14819,-0.24838,-0.43607,0.050965,-1.4115,1.738,0
-0.011001,0.91178,-0.98325,-0.77679,-0.12727,0.13805,1.0308,0.2172,-0.10894,0.11187,-0.46484,-0.69564,-0.8302,0.50903,0.32578,1.067,-1.4609,-2.0464,-0.63567,-0.24143,0.86418,-0.27627,0.88271,0.79825,0.16107,-0.5592,1.1118,-0.18628,-0.30213,-0.95398,1.1044,-0.95441,-1.3453,0.10224,0
0.79237,0.58793,-0.58967,0.36654,-0.15731,0.70709,-0.40367,-0.11597,-0.080307,0.20213,0.067061,-0.29274,0.63019,0.59814,-0.68343,0.72212,0.15112,0.5274,-0.61914,-0.28708,0.21798,-0.01224,-2.2814,0.32218,-0.25311,-0.1618,-0.016309,-1.0026,0.025646,-0.76844,1.0217,-0.11402,0.48351,-0.63628,0
-0.22763,-1.0227,1.0828,-0.99307,-0.12683,0.3774,-0.59405,-0.044461,-0.35418,-0.19271,1.2457,1.1313,0.58146,0.26087,-0.51165,0.35769,0.15112,0.011631,-0.84198,-0.10887,0.11676,0.36173,-0.095408,-0.1008,0.015517,-0.07353,-0.35599,0.38957,-0.15253,1.083,-1.7894,-0.024813,0.0042533,0.0098088,1
-0.75468,0.25273,-0.30201,-0.53226,-0.10224,-0.036774,0.10148,-0.27743,-0.018755,0.093264,-0.54974,0.52453,0.32635,0.81714,-1.7141,0.93096,0.15112,0.48297,-0.15265,-0.31002,-0.64126,1.3424,-0.46037,0.33276,0.16173,-0.67723,0.4888,-0.27379,-0.27306,-0.13087,1.5256,0.84179,0.31737,0.23603,1
0.48009,0.24337,-0.44672,-0.78373,-0.11152,0.727,-1.3702,1.0585,0.044685,-0.34628,1.0573,0.27601,0.99299,-0.043186,-1.027,-0.026338,0.15112,0.26599,0.23676,-0.28683,0.012886,0.9062,-0.17843,-1.2758,-0.19595,-0.030582,0.039604,0.31935,0.3754,-0.39816,1.0504,0.68104,-1.1227,2.3682,1
-1.6386,-0.054228,0.63382,0.18967,-0.14826,-0.74716,0.11944,-0.50379,-0.19059,0.85802,-1.0436,-0.39106,-0.6587,0.58394,0.089581,-2.4593,0.15112,-0.67209,-0.80305,-0.12631,-1.0097,0.11621,-0.53736,0.026688,0.16094,-1.1061,-0.34599,0.10117,0.3589,1.0609,-0.72389,-0.86852,-0.72827,-2.0194,1
-0.24117,0.38031,1.7765,2.4314,-0.16934,0.54579,-0.44796,0.96075,0.022565,0.33495,0.027699,1.9159,0.48155,0.69724,-1.7141,-0.44876,0.15112,0.29748,0.22121,-0.28224,-0.042464,1.0837,-0.40923,-0.98226,0.069736,0.73985,-2.7297,1.5993,-0.34865,2.4347,2.694,-0.90837,-0.30801,1.099,1
-0.29018,0.88355,-0.77127,-1.1982,-0.1719,0.097622,-1.5866,-0.59967,-0.092259,-0.35913,0.024926,0.85988,0.97984,-0.11924,-0.42576,0.60945,1.7631,1.8943,-0.66092,-0.28449,-1.5387,0.61628,1.5458,-1.8266,0.16125,1.1702,0.26298,-0.14105,-0.68982,0.080964,-0.55981,0.95971,0.046722,0.56381,0
1.2266,0.15338,-0.37949,-0.40663,-0.11706,-0.049555,-1.4158,1.3516,-0.011658,0.52964,-0.5687,0.76984,0.87978,-0.024724,-0.65122,-0.13735,0.15112,0.19099,-0.125,-0.30412,0.4771,0.49315,-0.38235,-1.7158,-0.019937,0.1862,-0.49012,0.38355,-0.0638,0.24199,0.39742,1.81,-0.82803,-0.22104,0
0.45613,-0.678,-0.59695,0.25553,-0.14585,1.1429,0.52167,0.034172,-0.036368,0.2654,0.085776,-0.70281,0.23549,1.0551,-0.57607,-0.47662,-1.4609,-0.55134,-0.364,-0.24574,0.74733,0.020887,3.218,0.79295,0.16158,-1.3782,-0.64036,-0.13365,-0.26509,-0.38872,0.64739,0.3709,-0.43646,-0.28761,1
0.55264,-1.0826,-0.67853,1.1253,-0.1221,0.62893,-0.82464,0.22131,0.28149,0.25145,0.39282,-0.0015183,1.0076,0.92042,-0.049991,-0.59662,0.15112,-1.2502,1.0715,-0.14616,0.96839,0.52504,-0.73422,-0.69469,0.16191,0.15219,-0.90914,0.85921,2.3544,-0.1941,0.094698,0.78853,0.10613,-0.57698,0
-1.6154,0.43099,-0.91425,0.14661,-0.15576,-0.53429,-0.95882,0.396,0.25963,-1.77,0.47782,0.20322,0.5734,-1.1767,-0.87668,0.55453,0.15112,-0.25522,0.7409,-0.13347,-0.47009,-1.5336,0.21052,-1.1325,0.16213,1.5016,0.56067,-0.43191,-0.060726,-0.55258,-1.1666,1.1456,-1.1354,-0.056267,0
0.61629,-0.84697,1.2867,0.78089,-0.15687,-0.51667,-0.63159,-0.5688,0.43247,0.088753,0.40401,-0.15764,0.21757,-0.51508,0.85186,-1.6466,-1.4609,-1.772,0.39954,0.35885,0.61501,0.058184,-0.33312,-1.0094,-0.085897,0.19466,-0.8609,-0.17234,-0.34611,2.1501,-0.40856,0.23977,-0.042031,-1.4017,1
-1.0601,1.0692,0.1194,-0.78964,-0.092758,-0.35922,-0.23159,0.3109,0.0098403,1.5513,0.24278,2.2646,0.42142,-0.47128,-0.27545,-0.42258,0.15112,-0.47013,-0.23818,-0.24282,-0.041747,0.87285,-3.4195,-0.45326,0.16174,-0.40066,-0.23265,0.76868,3.8068,0.38151,-0.63878,0.20519,0.0036561,1.1425,0
0.21507,-0.55983,0.38257,-0.34106,4.6014,0.37195,-0.90748,-0.077429,0.0044223,0.15958,0.028644,1.1655,1.5525,0.49857,-0.80153,0.80545,0.15112,-0.20659,-0.053936,-0.30158,0.071374,-0.73952,0.57859,-0.34539,0.16174,0.51708,0.53185,0.12386,-0.50189,0.39321,-0.018217,0.88867,0.019748,-0.50396,1
1.1445,0.095479,-0.23947,-1.8623,-0.13958,1.665,-0.23395,-0.68135,0.080437,1.5833,0.41169,0.41915,0.2902,1.6214,-0.68343,0.06329,0.15112,0.22815,0.14994,-0.25404,-0.1143,0.64725,-0.46327,-0.31211,0.28402,0.43087,-0.77571,-0.3342,-0.2608,-0.017779,1.0558,0.60865,-0.23063,-0.53159,0
-0.086342,-0.050697,-0.20965,-2.2407,-0.10129,-0.56877,2.6394,1.1225,-0.12284,-0.43503,1.149,0.76538,-2.4018,0.034234,-2.6052,-0.082193,4.987,-0.033344,-0.42937,-0.22276,-3.7128,-1.4425,-1.2301,1.709,-0.074256,-1.8241,0.61437,0.7591,-0.25301,0.10411,-1.9739,6.5152,-0.28953,1.4595,0
0.29346,-0.13239,2.3131,-0.078424,0.26202,-0.53485,0.040494,-0.79981,-0.0010441,-0.05712,0.82463,0.70229,-0.57045,-0.23252,0.17547,-0.85514,0.15112,0.77315,-0.050428,-0.30234,-0.44334,0.90005,-0.56127,-0.72192,0.16166,-0.14159,-1.9558,-0.86593,-0.036599,1.7383,2.3114,0.14818,-0.37356,0.068471,1
1.5738,-1.0492,0.81499,0.007639,-0.13888,0.18736,-0.52585,0.095279,-0.052612,0.23829,1.7428,0.37344,-0.13934,0.17648,0.26136,-0.74824,0.15112,0.13905,-0.43103,-0.29874,-0.12831,-0.48287,0.7489,-0.88306,0.16169,-1.0517,-1.5634,-0.25188,-0.59606,0.64081,-1.8119,0.31831,0.44126,-1.6302,1
0.011808,0.33202,-0.62722,0.7366,-0.071954,0.50727,-1.0869,0.060289,0.00071464,-0.10412,1.1808,0.58846,-0.069557,0.28634,-1.4028,-0.9336,0.15112,-0.065726,-0.029103,-0.30389,-0.25991,-1.1734,1.4629,-1.2719,0.16168,0.74709,0.83164,2.7704,-0.18935,-0.021531,-0.9242,0.42954,-0.33469,-0.42219,1
-0.22598,0.2191,0.37009,-1.6749,-0.14495,0.85791,0.76514,-0.74942,-0.01864,0.074457,1.2908,-0.30053,-1.0331,-1.646,-0.85521,-1.2521,0.15112,1.2483,-0.26878,-0.29947,-0.21782,-1.0615,-0.10009,0.17095,0.161,-0.27361,0.72388,0.27231,0.87355,0.37326,-1.1991,-0.50746,0.26799,0.23093,0
0.47339,-0.83591,-0.16289,-0.15826,-0.056711,-1.164,-0.39383,-0.58229,0.3719,0.23305,1.1063,-1.2804,0.51831,-0.53273,0.7767,-0.50257,-1.4609,-0.27769,0.81272,-0.091928,0.69311,0.31245,-1.1703,-0.42586,-0.1339,0.75044,-0.84089,-0.57833,3.8906,-0.81846,-1.8283,0.44807,1.9253,-1.4979,0
1.7615,0.36978,1.6636,0.54353,-0.055078,0.39496,-0.48405,0.14828,-0.13962,-0.3193,0.23591,1.3146,0.15127,0.42898,1.3779,0.47773,-1.4609,1.7945,-0.72718,-0.22528,0.21029,-1.3522,-1.1999,-1.0873,0.038816,1.4864,0.9074,1.524,-0.4025,1.831,-0.67696,0.77137,-0.59905,-0.23367,1
-0.42724,0.32882,0.7355,0.26432,-0.16293,0.89999,0.54619,0.18872,-2.3438,0.42944,-0.62263,-0.67915,-0.61609,0.73899,4.8135,-0.85447,0.15112,2.3979,-1.4625,4.1333,-0.19034,-0.17811,-0.85598,0.30233,-0.10976,0.75625,-0.0055607,0.13415,-0.32772,-0.54945,0.39706,-0.68532,0.66587,-0.26564,1
-0.21821,0.18023,1.7355,0.17032,-0.015623,-0.66701,0.17435,0.82139,0.22839,-0.51942,-0.32672,1.5856,-0.10561,-0.52688,0.089581,0.044303,0.15112,-2.4869,0.13945,0.022022,0.0010331,0.031968,0.37554,-0.33334,0.1637,-0.72366,1.7888,0.33012,0.30423,-0.25655,0.37019,-0.67441,0.63856,-2.3516,0
-0.7754,0.021066,-0.16199,-0.51531,-0.15293,0.49125,-0.32682,1.2399,0.38387,2.1487,-0.40156,-0.18521,0.084035,0.34133,-0.76932,-0.51233,1.7631,0.45895,1.6529,-0.11676,-1.2023,0.10505,-0.88453,-0.6885,0.16187,0.89368,0.56185,-0.37944,-0.22409,-0.086239,-0.50732,0.70924,0.44501,-0.27165,0
0.26574,-0.027868,1.101,0.62334,-0.12609,0.75097,-0.82136,-0.32655,0.075768,-0.22343,0.47457,0.41195,1.4081,0.51135,0.25063,-0.2754,0.15112,1.1613,0.30136,-0.26826,0.068995,0.62527,-1.1147,-0.30291,-0.50881,-0.92647,-1.9597,2.6363,-0.65355,1.6431,1.3273,1.2176,0.060703,-0.73166,0
-0.85718,0.30211,-0.26326,-0.45526,-0.15491,-0.12289,-0.4678,0.806,-0.04923,-0.011183,0.26164,0.57696,0.33224,-0.075015,0.0036906,1.1822,0.15112,-1.1296,-0.41538,-0.29518,0.12615,-0.17873,1.9703,-0.93277,0.16231,0.0038993,-0.74081,0.51681,-0.7875,-0.29697,0.92069,1.0627,0.91275,-0.19275,1
0.43847,-0.37734,0.24188,0.49679,-0.051227,0.2415,0.27948,0.60322,0.10569,0.34047,-0.93924,1.0754,-0.51603,0.49937,-0.0822,-1.5851,0.15112,1.3407,0.52676,-0.25727,-2.1488,-0.97791,-1.2427,-0.10571,0.1578,0.86002,0.90326,1.1111,-0.7756,0.44977,-0.89139,-0.68911,-1.1331,-0.97871,0
-0.71796,-0.65369,1.5876,0.20456,0.37778,-1.0635,-1.0449,-0.79523,0.077401,1.779,0.12311,1.3886,1.4576,0.045691,1.1525,-0.7534,0.15112,-0.026539,0.15236,-0.21816,-0.067441,-1.5437,-2.4751,-0.79995,0.16136,0.61713,-0.14427,-0.095022,-1.0046,2.3493,0.38244,1.0593,-0.81672,-0.28197,0
-1.06,-0.50579,0.27177,-0.60894,-0.13179,-0.047837,0.32767,0.45655,-0.012156,0.55424,-1.2816,0.49743,-0.16375,0.41136,0.25063,-0.92375,0.15112,0.26938,-0.045209,-0.29942,-0.46571,-0.10454,-0.010795,-0.073417,-0.022492,-0.4198,1.0673,0.79871,0.8249,0.48551,-0.98966,0.2614,-0.38327,-0.11006,0
-2.2717,0.28168,-1.0792,1.4051,0.00357,0.020586,0.7976,0.55652,0.057746,-0.2447,-0.84536,0.47608,-1.2684,0.36285,0.60492,-0.6553,0.15112,-0.7924,0.13365,-0.26811,0.2611,-1.8781,-0.59833,-0.20256,0.16153,-0.17805,0.99226,-0.021359,0.18901,-0.80336,-0.37107,-0.51358,-0.084424,-0.035582,0
-0.51938,-0.064156,1.0191,-1.1507,-0.15371,-0.13391,1.0531,-1.2863,-0.01024,-0.74337,-1.5136,-0.45401,-1.0734,0.38907,1.0773,0.37954,0.15112,-0.059747,-0.1024,-0.29054,0.4462,-1.922,-0.42905,-0.30557,0.16126,-5.1492,0.78182,-0.012934,-0.29526,1.2738,-0.29285,-0.6802,1.7991,0.40795,0
0.026074,-0.59068,-0.91348,-0.43448,-0.065527,-0.19259,0.26309,1.086,0.0019741,-0.10705,-2.3109,0.24239,-0.14805,-0.38783,1.1525,1.0244,0.15112,-0.89313,-0.15134,-0.23918,0.24576,-0.27986,2.399,0.37443,0.16213,-1.3847,0.51217,0.99366,0.066102,-0.96999,0.29586,-0.007925,-1.5765,-0.51305,0
0.55043,-0.46535,0.6807,1.1132,-0.14047,0.4223,0.53296,-0.53404,0.1018,0.20902,0.34277,0.28134,-0.97432,0.93495,-0.68343,-0.79,0.15112,-0.17034,-0.2299,-0.21176,-1.4899,0.32833,0.20891,0.43028,-0.48927,0.26441,-0.023816,-0.82507,-0.56952,0.50413,-0.76948,-0.88474,1.0479,0.016246,1
1.7397,0.23763,-0.56991,0.61147,-0.16034,0.69922,-0.37558,-1.4168,0.22117,0.22191,0.78605,-1.5654,1.3292,0.43127,-0.42576,0.52397,0.15112,-1.483,0.14512,-0.11826,-0.18333,0.44824,0.098025,0.26431,-0.2339,-0.17053,2.0293,-1.3937,0.73039,-0.20136,0.024871,1.2348,0.22118,-0.60057,1
-0.30103,-0.32864,0.54551,-0.91526,-0.1329,1.3533,4.1981,-1.4262,0.39814,0.28084,0.10584,-1.4375,-1.9969,0.84998,-0.42576,-0.3863,0.15112,0.6424,0.18762,0.090535,-0.29389,0.98139,-0.22389,4.2552,0.1621,-0.036446,0.44821,-0.79738,1.842,0.063721,-0.83329,-1.306,0.82075,0.70967,0
0.27268,0.54131,1.3348,-0.15243,-0.1534,0.24256,0.021351,-0.99503,0.065168,0.22897,-0.10102,0.13488,1.1897,0.90351,-0.65122,0.46846,0.15112,-1.0859,0.23448,-0.24958,0.1855,-0.12003,0.34155,1.1655,0.16189,-0.342,0.52829,0.086705,-1.0001,2.2499,0.14018,0.18657,-0.082938,1.4213,1
0.9288,0.6558,-0.45001,-1.0088,-0.16433,0.052783,-1.265,0.87913,-0.025776,0.35755,0.24307,0.25099,0.41315,0.12555,0.0036906,0.53951,0.15112,1.1449,-0.22375,-0.30825,-0.13076,1.7467,-0.72571,-1.8468,0.038085,1.2913,0.05321,-1.0095,-0.54448,-0.04594,2.1015,0.89639,-1.5235,0.11573,0
0.67513,0.37838,0.68405,-0.15849,10.154,2.4652,2.3066,0.40581,0.079511,0.07554,-0.18417,-0.16936,-1.2717,1.6437,0.025163,-0.76487,0.15112,-1.4876,0.2947,-0.25879,0.64128,-1.1167,-0.012693,2.0509,0.14172,-0.45686,-0.50422,-1.201,-0.37382,1.0093,-0.97693,-1.1775,0.67685,1.5101,1
-1.8516,-0.20175,0.43172,-0.22333,-0.14467,0.17505,0.01403,-0.28919,-0.20326,0.77066,-1.0528,0.92732,0.49173,-0.020978,-0.049991,-0.26476,0.15112,-1.6082,-0.73953,-0.028,-0.26282,0.38995,-1.092,0.24952,0.15566,-1.4268,0.58964,-0.018057,-0.70712,1.5736,0.024691,0.18535,-1.199,-1.7096,0
-0.58142,0.57346,-0.34395,-0.1216,-0.15988,0.20027,-0.70605,0.04473,0.016537,0.20203,0.084703,-1.4299,1.3065,0.40082,0.10032,0.59626,0.15112,-0.54416,-0.048235,-0.2843,-0.16999,0.17411,-0.58007,-0.55345,0.16179,0.23492,1.3121,0.29723,-0.089322,-0.22973,0.94912,0.82312,2.2733,0.17261,0
1.7183,-0.84287,0.37073,0.42925,-0.1555,1.6253,0.13533,-0.44579,-0.0013361,0.23619,0.29325,-0.49665,-0.40771,1.0486,-1.7785,-0.65,0.15112,0.48111,-0.0045702,-0.29976,-0.45662,0.45237,-0.65505,0.37005,0.093246,0.57608,-1.2474,-1.0968,0.35959,0.17749,-1.1229,-0.62182,0.7282,-1.2811,0
0.39442,-0.97698,1.3941,0.096633,-0.12928,-1.3577,0.75259,-0.83734,0.035011,0.24307,2.2225,-0.37565,-0.77658,-0.46344,-0.51165,0.35502,0.15112,0.7726,0.16629,-0.28309,-0.11767,-0.34856,-0.14532,0.31104,0.16135,-0.95514,-1.4116,0.18344,-0.90843,0.18309,1.7684,-0.42796,0.12989,-0.52569,0
-2.2061,-0.040731,0.11888,0.11148,-0.12045,0.029351,0.24501,-0.79646,0.1495,0.7266,0.4629,-0.58091,-0.72062,0.18882,0.025163,0.046098,0.15112,0.60114,0.5878,-0.23679,-0.9502,1.3402,0.63163,-0.18823,0.16199,-1.1426,-0.065146,-0.59279,-1.0203,-1.1102,0.52812,-0.12222,1.0188,1.3735,0
1.2073,-0.48732,1.618,-0.049148,-0.1023,-0.095849,0.43481,-1.0593,0.014433,0.42004,-0.83213,0.60917,-0.79896,-0.59247,0.85186,-0.61633,-1.4609,0.091648,0.12095,-0.29793,0.46434,0.97776,-0.29786,-0.33615,0.16176,-1.1058,0.65418,0.47288,1.327,1.8785,0.046269,-0.13271,0.68106,0.17555,1
-0.4558,0.0033249,-0.69744,-0.73384,-0.14678,-0.20209,-0.96783,0.12195,0.021344,-0.9879,0.53064,-0.90337,1.0245,-0.11276,-0.25398,0.58017,0.15112,0.23469,0.016319,-0.29078,0.66688,1.1762,0.85551,-0.82865,0.16169,-0.23362,0.13826,0.11959,-0.49188,-0.61591,-1.1605,-0.30675,-0.31614,-0.30442,0
0.68931,0.78114,0.25494,-0.24478,-0.15273,-0.4456,-0.1651,0.76266,0.0008366,1.8374,0.53809,-0.12549,-0.062436,-0.74965,-1.1021,-0.0762,0.15112,0.58133,-0.033325,-0.30128,-0.41582,0.42087,1.0508,-0.85326,0.16172,0.77771,0.17198,1.2885,-0.8217,-0.81891,-0.67816,0.80279,-0.11885,-0.25784,0
0.12542,-0.43543,-0.36356,0.045138,-0.16636,0.35805,-0.88774,-1.3353,0.1382,0.34003,0.65202,-0.75816,0.83599,-0.15769,0.34725,-0.86852,-1.4609,0.56339,0.31676,-0.15329,0.61759,0.52233,0.73287,-0.72717,-0.27206,0.90161,-2.2318,-1.1351,-0.71842,-0.37721,-0.36712,0.72318,-0.33033,-0.46283,1
0.25167,0.48867,0.38344,-1.5955,-0.16249,0.85676,0.62238,-0.18602,0.071029,0.10136,-0.27254,1.0953,-0.8071,0.38693,0.0036906,0.14009,0.15112,-1.9598,0.54821,-0.27184,0.34668,2.3278,1.839,0.45973,0.090426,-0.97128,-0.39115,0.14233,-0.15419,1.0422,0.97502,-1.9105,0.13028,0.41684,1
0.88565,-0.52013,0.31255,-1.881,-0.16236,0.73651,1.0634,0.37847,0.0078494,0.028464,-0.35961,0.25967,-0.26525,0.84612,0.86259,-0.43166,0.15112,-1.1123,0.080016,-0.24117,-0.19104,1.2812,0.57663,0.59545,0.15981,0.99417,1.0317,0.30516,0.118,-0.40137,-0.4308,0.22805,-1.2764,-0.39681,1
-0.39225,-0.55487,-0.78193,-0.25,-0.035267,0.21797,1.2666,-0.16212,0.40666,0.043077,-0.57492,-0.57052,-0.74552,-1.5271,-0.57607,-0.39968,0.15112,0.89559,0.87889,0.0054407,0.63749,0.30645,0.15877,0.91677,0.14243,-0.20588,2.2782,0.60427,0.7238,-0.67911,-0.14279,-0.82056,0.61641,-0.24243,0
-0.23752,1.1274,-1.0205,-0.58335,-0.1237,0.53314,1.1781,0.52158,-0.22868,0.074334,0.21812,0.42872,-0.22865,0.29118,0.17547,3.5085,0.15112,0.61172,-0.53938,-0.12744,-0.26096,1.0287,1.154,1.4536,0.16151,-0.11141,-1.6497,-0.045437,-1.0958,-0.71465,-0.17585,0.16441,-1.477,0.34004,1
0.33462,-1.6098,-0.3208,-0.72683,-0.10597,1.3074,-0.9658,0.94215,0.0024996,0.136,0.79578,0.76151,1.6808,1.0395,-1.3706,-0.43558,0.15112,-0.4132,-0.17481,-0.28582,-1.3082,-0.46356,-1.3313,0.75215,-0.28265,0.56812,0.58091,-0.32201,0.23635,-0.00074737,0.38253,-0.40041,-0.04042,0.72692,0
0.53418,-0.39994,0.68597,0.48063,-0.10453,0.87742,0.715,1.1214,-0.035871,0.2279,-0.52778,1.1079,-0.4634,0.96926,0.32578,2.3038,0.15112,0.027758,-0.014643,-0.24452,0.23756,-1.7228,0.1702,0.80209,0.16126,-0.12347,-0.57558,0.16088,0.98065,0.64244,0.80413,-0.06044,-0.3573,1.197,1
